timestamp,project_name,run_id,experiment_id,duration,emissions,emissions_rate,cpu_power,gpu_power,ram_power,cpu_energy,gpu_energy,ram_energy,energy_consumed,country_name,country_iso_code,region,cloud_provider,cloud_region,os,python_version,codecarbon_version,cpu_count,cpu_model,gpu_count,gpu_model,longitude,latitude,ram_total_size,tracking_mode,on_cloud,pue
2026-01-08T11:50:01,tulu_preprocess_dataset_tulu_preprocess_dataset,19237a39-9583-4a04-8e24-22b33c6df222,5b0fa12a-3dd7-45bb-9766-cc326314d9f1,105.80735977602308,0.0018275248368299,1.727219014535993e-05,102.5,211.07954866770257,45.0,0.0030125036917158,0.0064140329090065,0.0013208910312881,0.0107474276320106,Canada,CAN,,,,Linux-6.8.0-54-generic-x86_64-Intel-R-_Xeon-R-_Gold_6338_CPU_@_2.00GHz-with-glibc2.37,3.10.13,2.7.1,64,Intel(R) Xeon(R) Gold 6338 CPU @ 2.00GHz,4,4 x NVIDIA L40S,,,120,machine,N,1.0
2026-01-09T12:03:01,dpo_preference_dataset_preference_dataset,9760c82c-c5a0-4dee-80ad-d6335805a5f7,5b0fa12a-3dd7-45bb-9766-cc326314d9f1,0.7218650309368968,6.977827975938405e-06,9.666388697180684e-06,42.5,118.35115125011278,45.0,8.521745682487058e-06,2.3557518886718753e-05,8.956402738112955e-06,4.1035667307318767e-05,Canada,CAN,,,,Linux-6.8.0-54-generic-x86_64-Intel-R-_Xeon-R-_Gold_6442Y-with-glibc2.37,3.10.13,2.7.1,16,Intel(R) Xeon(R) Gold 6442Y,1,1 x NVIDIA H100 80GB HBM3,,,120,machine,N,1.0
2026-01-09T12:14:50,dpo_preference_dataset_preference_dataset,98c58c79-2e99-4bf8-a1fa-dd4a1b55da29,5b0fa12a-3dd7-45bb-9766-cc326314d9f1,215.95419293269515,0.0021448335981222,9.931891430284547e-06,42.5,122.91740716166784,45.0,0.0025494523697571,0.0073652570033004,0.0026987683832878,0.0126134777563454,Canada,CAN,,,,Linux-6.8.0-54-generic-x86_64-Intel-R-_Xeon-R-_Gold_6442Y-with-glibc2.37,3.10.13,2.7.1,16,Intel(R) Xeon(R) Gold 6442Y,1,1 x NVIDIA H100 80GB HBM3,,,120,machine,N,1.0
2026-01-09T12:17:51,dpo_preference_dataset_preference_dataset,e41df0b6-cf85-4c2e-bdd8-83387d41ce38,5b0fa12a-3dd7-45bb-9766-cc326314d9f1,64.33631635922939,0.0006395306916085,9.94043065875331e-06,42.5,123.52087598127449,45.0,0.0007595232523686,0.0021978645360718,0.000803606146085,0.0037609939345255,Canada,CAN,,,,Linux-6.8.0-54-generic-x86_64-Intel-R-_Xeon-R-_Gold_6442Y-with-glibc2.37,3.10.13,2.7.1,16,Intel(R) Xeon(R) Gold 6442Y,1,1 x NVIDIA H100 80GB HBM3,,,120,machine,N,1.0
2026-01-09T12:56:36,dpo_preference_dataset_preference_dataset,e7a4b790-4206-4c11-9d2b-fb5e2b6923f8,5b0fa12a-3dd7-45bb-9766-cc326314d9f1,16.133735136128962,0.0001605526137981,9.951360453326384e-06,42.5,120.78952725414014,45.0,0.0001904668461376,0.0005521482195263,0.0002015732502215,0.0009441883158854,Canada,CAN,,,,Linux-6.8.0-54-generic-x86_64-Intel-R-_Xeon-R-_Gold_6442Y-with-glibc2.37,3.10.13,2.7.1,16,Intel(R) Xeon(R) Gold 6442Y,1,1 x NVIDIA H100 80GB HBM3,,,120,machine,N,1.0
2026-01-09T13:11:23,dpo_preference_dataset_preference_dataset,6204a954-fd1f-471c-9477-0b9e36ac3a71,5b0fa12a-3dd7-45bb-9766-cc326314d9f1,539.3730818368495,0.0119542302070424,2.216319391826519e-05,42.5,394.439119784518,45.0,0.0063675842388591,0.0571932396434249,0.0067403952625347,0.0703012191448187,Canada,CAN,,,,Linux-6.8.0-54-generic-x86_64-Intel-R-_Xeon-R-_Gold_6442Y-with-glibc2.37,3.10.13,2.7.1,16,Intel(R) Xeon(R) Gold 6442Y,1,1 x NVIDIA H100 80GB HBM3,,,120,machine,N,1.0
2026-01-09T13:39:58,dpo_preference_dataset_preference_dataset,bf48f161-5091-4f71-a539-32615552f52b,5b0fa12a-3dd7-45bb-9766-cc326314d9f1,1442.2593172518536,0.031401538096931,2.1772463329801844e-05,42.5,353.4345276899476,45.0,0.0170266254083951,0.1496183819168663,0.0180232124599162,0.184668219785178,Canada,CAN,,,,Linux-6.8.0-54-generic-x86_64-Intel-R-_Xeon-R-_Gold_6442Y-with-glibc2.37,3.10.13,2.7.1,16,Intel(R) Xeon(R) Gold 6442Y,1,1 x NVIDIA H100 80GB HBM3,,,120,machine,N,1.0
2026-01-09T13:47:22,dpo_preference_dataset_preference_dataset,63ac7add-c0a0-4314-b27a-c0223e171ce9,5b0fa12a-3dd7-45bb-9766-cc326314d9f1,333.58381311409175,0.006933802965298,2.0785789635801467e-05,42.5,126.55549195420174,45.0,0.0039381300918447,0.0326699450249066,0.0041686870275181,0.0407767621442695,Canada,CAN,,,,Linux-6.8.0-54-generic-x86_64-Intel-R-_Xeon-R-_Gold_6442Y-with-glibc2.37,3.10.13,2.7.1,16,Intel(R) Xeon(R) Gold 6442Y,1,1 x NVIDIA H100 80GB HBM3,,,120,machine,N,1.0
2026-01-12T08:42:04,dpo_preference_dataset_preference_dataset,d939856c-a129-4482-8fb3-9f110f2f9a88,5b0fa12a-3dd7-45bb-9766-cc326314d9f1,137.0466568050906,0.005916842240083599,4.317392615055618e-05,42.5,668.5106948276201,45.0,0.0016179070338095904,0.03146982712024737,0.001708418819506187,0.03479615297356315,Canada,CAN,,,,Linux-6.8.0-54-generic-x86_64-Intel-R-_Xeon-R-_Gold_6442Y-with-glibc2.37,3.10.13,2.7.1,48,Intel(R) Xeon(R) Gold 6442Y,8,8 x NVIDIA H100 80GB HBM3,,,120,machine,N,1.0
